,Album,song_x,date,song_y,pctg_album
0,1989 (Deluxe),16,2023-03-18,5,0.3125
1,1989 (Deluxe),16,2023-03-24,5,0.3125
2,1989 (Deluxe),16,2023-03-25,5,0.3125
3,1989 (Deluxe),16,2023-03-31,5,0.3125
4,1989 (Deluxe),16,2023-04-01,6,0.375
5,1989 (Deluxe),16,2023-04-02,5,0.3125
6,1989 (Deluxe),16,2023-04-13,5,0.3125
7,1989 (Deluxe),16,2023-04-14,5,0.3125
8,1989 (Deluxe),16,2023-04-15,5,0.3125
9,1989 (Deluxe),16,2023-04-21,6,0.375
10,1989 (Deluxe),16,2023-04-22,5,0.3125
11,1989 (Deluxe),16,2023-04-23,5,0.3125
12,1989 (Deluxe),16,2023-04-28,5,0.3125
13,1989 (Deluxe),16,2023-04-29,5,0.3125
14,1989 (Deluxe),16,2023-04-30,6,0.375
15,1989 (Deluxe),16,2023-05-05,5,0.3125
16,1989 (Deluxe),16,2023-05-06,6,0.375
17,1989 (Deluxe),16,2023-05-07,5,0.3125
18,1989 (Deluxe),16,2023-05-12,5,0.3125
19,1989 (Deluxe),16,2023-05-13,6,0.375
20,1989 (Deluxe),16,2023-05-14,5,0.3125
21,1989 (Deluxe),16,2023-05-19,5,0.3125
22,1989 (Deluxe),16,2023-05-20,5,0.3125
23,1989 (Deluxe),16,2023-05-21,5,0.3125
24,1989 (Deluxe),16,2023-05-26,5,0.3125
25,1989 (Deluxe),16,2023-05-27,5,0.3125
26,1989 (Deluxe),16,2023-05-28,7,0.4375
27,1989 (Deluxe),16,2023-06-02,6,0.375
28,1989 (Deluxe),16,2023-06-03,5,0.3125
29,1989 (Deluxe),16,2023-06-04,5,0.3125
30,1989 (Deluxe),16,2023-06-09,5,0.3125
31,1989 (Deluxe),16,2023-06-10,6,0.375
32,1989 (Deluxe),16,2023-06-16,5,0.3125
33,1989 (Deluxe),16,2023-06-17,5,0.3125
34,1989 (Deluxe),16,2023-06-23,5,0.3125
35,1989 (Deluxe),16,2023-06-24,5,0.3125
36,1989 (Deluxe),16,2023-06-30,5,0.3125
37,1989 (Deluxe),16,2023-07-01,5,0.3125
38,1989 (Deluxe),16,2023-07-07,5,0.3125
39,1989 (Deluxe),16,2023-07-08,5,0.3125
40,1989 (Deluxe),16,2023-07-14,5,0.3125
41,1989 (Deluxe),16,2023-07-15,5,0.3125
42,1989 (Deluxe),16,2023-07-22,5,0.3125
43,1989 (Deluxe),16,2023-07-23,5,0.3125
44,1989 (Deluxe),16,2023-07-28,5,0.3125
45,1989 (Deluxe),16,2023-07-29,5,0.3125
46,1989 (Deluxe),16,2023-08-03,5,0.3125
47,1989 (Deluxe),16,2023-08-04,6,0.375
48,1989 (Deluxe),16,2023-08-05,5,0.3125
49,1989 (Deluxe),16,2023-08-07,5,0.3125
50,1989 (Deluxe),16,2023-08-08,6,0.375
51,1989 (Deluxe),16,2023-08-09,6,0.375
52,Fearless (Taylor's Version),25,2023-03-18,3,0.12
53,Fearless (Taylor's Version),25,2023-03-24,3,0.12
54,Fearless (Taylor's Version),25,2023-03-25,4,0.16
55,Fearless (Taylor's Version),25,2023-03-31,3,0.12
56,Fearless (Taylor's Version),25,2023-04-01,3,0.12
57,Fearless (Taylor's Version),25,2023-04-02,4,0.16
58,Fearless (Taylor's Version),25,2023-04-13,3,0.12
59,Fearless (Taylor's Version),25,2023-04-14,3,0.12
60,Fearless (Taylor's Version),25,2023-04-15,3,0.12
61,Fearless (Taylor's Version),25,2023-04-21,4,0.16
62,Fearless (Taylor's Version),25,2023-04-22,4,0.16
63,Fearless (Taylor's Version),25,2023-04-23,3,0.12
64,Fearless (Taylor's Version),25,2023-04-28,4,0.16
65,Fearless (Taylor's Version),25,2023-04-29,3,0.12
66,Fearless (Taylor's Version),25,2023-04-30,3,0.12
67,Fearless (Taylor's Version),25,2023-05-05,3,0.12
68,Fearless (Taylor's Version),25,2023-05-06,4,0.16
69,Fearless (Taylor's Version),25,2023-05-07,3,0.12
70,Fearless (Taylor's Version),25,2023-05-12,3,0.12
71,Fearless (Taylor's Version),25,2023-05-13,5,0.2
72,Fearless (Taylor's Version),25,2023-05-14,5,0.2
73,Fearless (Taylor's Version),25,2023-05-19,3,0.12
74,Fearless (Taylor's Version),25,2023-05-20,3,0.12
75,Fearless (Taylor's Version),25,2023-05-21,3,0.12
76,Fearless (Taylor's Version),25,2023-05-26,3,0.12
77,Fearless (Taylor's Version),25,2023-05-27,3,0.12
78,Fearless (Taylor's Version),25,2023-05-28,3,0.12
79,Fearless (Taylor's Version),25,2023-06-02,3,0.12
80,Fearless (Taylor's Version),25,2023-06-03,4,0.16
81,Fearless (Taylor's Version),25,2023-06-04,3,0.12
82,Fearless (Taylor's Version),25,2023-06-09,3,0.12
83,Fearless (Taylor's Version),25,2023-06-10,4,0.16
84,Fearless (Taylor's Version),25,2023-06-16,4,0.16
85,Fearless (Taylor's Version),25,2023-06-17,3,0.12
86,Fearless (Taylor's Version),25,2023-06-23,3,0.12
87,Fearless (Taylor's Version),25,2023-06-24,3,0.12
88,Fearless (Taylor's Version),25,2023-06-30,3,0.12
89,Fearless (Taylor's Version),25,2023-07-01,3,0.12
90,Fearless (Taylor's Version),25,2023-07-07,3,0.12
91,Fearless (Taylor's Version),25,2023-07-08,3,0.12
92,Fearless (Taylor's Version),25,2023-07-14,3,0.12
93,Fearless (Taylor's Version),25,2023-07-15,3,0.12
94,Fearless (Taylor's Version),25,2023-07-22,3,0.12
95,Fearless (Taylor's Version),25,2023-07-23,3,0.12
96,Fearless (Taylor's Version),25,2023-07-28,3,0.12
97,Fearless (Taylor's Version),25,2023-07-29,3,0.12
98,Fearless (Taylor's Version),25,2023-08-03,3,0.12
99,Fearless (Taylor's Version),25,2023-08-04,3,0.12
100,Fearless (Taylor's Version),25,2023-08-05,3,0.12
101,Fearless (Taylor's Version),25,2023-08-07,3,0.12
102,Fearless (Taylor's Version),25,2023-08-08,3,0.12
103,Fearless (Taylor's Version),25,2023-08-09,3,0.12
104,Lover,18,2023-03-18,6,0.3333333333333333
105,Lover,18,2023-03-24,6,0.3333333333333333
106,Lover,18,2023-03-25,6,0.3333333333333333
107,Lover,18,2023-03-31,6,0.3333333333333333
108,Lover,18,2023-04-01,7,0.3888888888888889
109,Lover,18,2023-04-02,6,0.3333333333333333
110,Lover,18,2023-04-13,6,0.3333333333333333
111,Lover,18,2023-04-14,6,0.3333333333333333
112,Lover,18,2023-04-15,6,0.3333333333333333
113,Lover,18,2023-04-21,6,0.3333333333333333
114,Lover,18,2023-04-22,6,0.3333333333333333
115,Lover,18,2023-04-23,6,0.3333333333333333
116,Lover,18,2023-04-28,6,0.3333333333333333
117,Lover,18,2023-04-29,6,0.3333333333333333
118,Lover,18,2023-04-30,6,0.3333333333333333
119,Lover,18,2023-05-05,6,0.3333333333333333
120,Lover,18,2023-05-06,6,0.3333333333333333
121,Lover,18,2023-05-07,6,0.3333333333333333
122,Lover,18,2023-05-12,6,0.3333333333333333
123,Lover,18,2023-05-13,6,0.3333333333333333
124,Lover,18,2023-05-14,6,0.3333333333333333
125,Lover,18,2023-05-19,6,0.3333333333333333
126,Lover,18,2023-05-20,6,0.3333333333333333
127,Lover,18,2023-05-21,7,0.3888888888888889
128,Lover,18,2023-05-26,6,0.3333333333333333
129,Lover,18,2023-05-27,7,0.3888888888888889
130,Lover,18,2023-05-28,6,0.3333333333333333
131,Lover,18,2023-06-02,6,0.3333333333333333
132,Lover,18,2023-06-03,6,0.3333333333333333
133,Lover,18,2023-06-04,6,0.3333333333333333
134,Lover,18,2023-06-09,6,0.3333333333333333
135,Lover,18,2023-06-10,6,0.3333333333333333
136,Lover,18,2023-06-16,6,0.3333333333333333
137,Lover,18,2023-06-17,6,0.3333333333333333
138,Lover,18,2023-06-23,7,0.3888888888888889
139,Lover,18,2023-06-24,7,0.3888888888888889
140,Lover,18,2023-06-30,6,0.3333333333333333
141,Lover,18,2023-07-01,6,0.3333333333333333
142,Lover,18,2023-07-07,6,0.3333333333333333
143,Lover,18,2023-07-08,6,0.3333333333333333
144,Lover,18,2023-07-14,6,0.3333333333333333
145,Lover,18,2023-07-15,6,0.3333333333333333
146,Lover,18,2023-07-22,6,0.3333333333333333
147,Lover,18,2023-07-23,6,0.3333333333333333
148,Lover,18,2023-07-28,6,0.3333333333333333
149,Lover,18,2023-07-29,6,0.3333333333333333
150,Lover,18,2023-08-03,6,0.3333333333333333
151,Lover,18,2023-08-04,6,0.3333333333333333
152,Lover,18,2023-08-05,7,0.3888888888888889
153,Lover,18,2023-08-07,6,0.3333333333333333
154,Lover,18,2023-08-08,6,0.3333333333333333
155,Lover,18,2023-08-09,6,0.3333333333333333
156,Midnights (The Til Dawn Edition),21,2023-03-18,8,0.38095238095238093
157,Midnights (The Til Dawn Edition),21,2023-03-24,10,0.47619047619047616
158,Midnights (The Til Dawn Edition),21,2023-03-25,8,0.38095238095238093
159,Midnights (The Til Dawn Edition),21,2023-03-31,8,0.38095238095238093
160,Midnights (The Til Dawn Edition),21,2023-04-01,8,0.38095238095238093
161,Midnights (The Til Dawn Edition),21,2023-04-02,8,0.38095238095238093
162,Midnights (The Til Dawn Edition),21,2023-04-13,8,0.38095238095238093
163,Midnights (The Til Dawn Edition),21,2023-04-14,10,0.47619047619047616
164,Midnights (The Til Dawn Edition),21,2023-04-15,8,0.38095238095238093
165,Midnights (The Til Dawn Edition),21,2023-04-21,8,0.38095238095238093
166,Midnights (The Til Dawn Edition),21,2023-04-22,8,0.38095238095238093
167,Midnights (The Til Dawn Edition),21,2023-04-23,8,0.38095238095238093
168,Midnights (The Til Dawn Edition),21,2023-04-28,8,0.38095238095238093
169,Midnights (The Til Dawn Edition),21,2023-04-29,9,0.42857142857142855
170,Midnights (The Til Dawn Edition),21,2023-04-30,8,0.38095238095238093
171,Midnights (The Til Dawn Edition),21,2023-05-05,8,0.38095238095238093
172,Midnights (The Til Dawn Edition),21,2023-05-06,8,0.38095238095238093
173,Midnights (The Til Dawn Edition),21,2023-05-07,9,0.42857142857142855
174,Midnights (The Til Dawn Edition),21,2023-05-12,8,0.38095238095238093
175,Midnights (The Til Dawn Edition),21,2023-05-13,8,0.38095238095238093
176,Midnights (The Til Dawn Edition),21,2023-05-14,8,0.38095238095238093
177,Midnights (The Til Dawn Edition),21,2023-05-19,8,0.38095238095238093
178,Midnights (The Til Dawn Edition),21,2023-05-20,9,0.42857142857142855
179,Midnights (The Til Dawn Edition),21,2023-05-21,8,0.38095238095238093
180,Midnights (The Til Dawn Edition),21,2023-05-26,9,0.42857142857142855
181,Midnights (The Til Dawn Edition),21,2023-05-27,8,0.38095238095238093
182,Midnights (The Til Dawn Edition),21,2023-05-28,8,0.38095238095238093
183,Midnights (The Til Dawn Edition),21,2023-06-02,8,0.38095238095238093
184,Midnights (The Til Dawn Edition),21,2023-06-03,8,0.38095238095238093
185,Midnights (The Til Dawn Edition),21,2023-06-04,9,0.42857142857142855
186,Midnights (The Til Dawn Edition),21,2023-06-09,8,0.38095238095238093
187,Midnights (The Til Dawn Edition),21,2023-06-10,8,0.38095238095238093
188,Midnights (The Til Dawn Edition),21,2023-06-16,8,0.38095238095238093
189,Midnights (The Til Dawn Edition),21,2023-06-17,8,0.38095238095238093
190,Midnights (The Til Dawn Edition),21,2023-06-23,8,0.38095238095238093
191,Midnights (The Til Dawn Edition),21,2023-06-24,8,0.38095238095238093
192,Midnights (The Til Dawn Edition),21,2023-06-30,8,0.38095238095238093
193,Midnights (The Til Dawn Edition),21,2023-07-01,8,0.38095238095238093
194,Midnights (The Til Dawn Edition),21,2023-07-07,8,0.38095238095238093
195,Midnights (The Til Dawn Edition),21,2023-07-08,8,0.38095238095238093
196,Midnights (The Til Dawn Edition),21,2023-07-14,8,0.38095238095238093
197,Midnights (The Til Dawn Edition),21,2023-07-15,8,0.38095238095238093
198,Midnights (The Til Dawn Edition),21,2023-07-22,8,0.38095238095238093
199,Midnights (The Til Dawn Edition),21,2023-07-23,8,0.38095238095238093
200,Midnights (The Til Dawn Edition),21,2023-07-28,8,0.38095238095238093
201,Midnights (The Til Dawn Edition),21,2023-07-29,8,0.38095238095238093
202,Midnights (The Til Dawn Edition),21,2023-08-03,9,0.42857142857142855
203,Midnights (The Til Dawn Edition),21,2023-08-04,8,0.38095238095238093
204,Midnights (The Til Dawn Edition),21,2023-08-05,9,0.42857142857142855
205,Midnights (The Til Dawn Edition),21,2023-08-07,8,0.38095238095238093
206,Midnights (The Til Dawn Edition),21,2023-08-08,8,0.38095238095238093
207,Midnights (The Til Dawn Edition),21,2023-08-09,8,0.38095238095238093
208,Red (Taylor's Version),28,2023-03-18,7,0.25
209,Red (Taylor's Version),28,2023-03-24,5,0.17857142857142858
210,Red (Taylor's Version),28,2023-03-25,5,0.17857142857142858
211,Red (Taylor's Version),28,2023-03-31,6,0.21428571428571427
212,Red (Taylor's Version),28,2023-04-01,5,0.17857142857142858
213,Red (Taylor's Version),28,2023-04-02,6,0.21428571428571427
214,Red (Taylor's Version),28,2023-04-13,6,0.21428571428571427
215,Red (Taylor's Version),28,2023-04-14,5,0.17857142857142858
216,Red (Taylor's Version),28,2023-04-15,5,0.17857142857142858
217,Red (Taylor's Version),28,2023-04-21,5,0.17857142857142858
218,Red (Taylor's Version),28,2023-04-22,5,0.17857142857142858
219,Red (Taylor's Version),28,2023-04-23,6,0.21428571428571427
220,Red (Taylor's Version),28,2023-04-28,5,0.17857142857142858
221,Red (Taylor's Version),28,2023-04-29,5,0.17857142857142858
222,Red (Taylor's Version),28,2023-04-30,6,0.21428571428571427
223,Red (Taylor's Version),28,2023-05-05,6,0.21428571428571427
224,Red (Taylor's Version),28,2023-05-06,6,0.21428571428571427
225,Red (Taylor's Version),28,2023-05-07,6,0.21428571428571427
226,Red (Taylor's Version),28,2023-05-12,6,0.21428571428571427
227,Red (Taylor's Version),28,2023-05-13,6,0.21428571428571427
228,Red (Taylor's Version),28,2023-05-14,6,0.21428571428571427
229,Red (Taylor's Version),28,2023-05-19,7,0.25
230,Red (Taylor's Version),28,2023-05-20,6,0.21428571428571427
231,Red (Taylor's Version),28,2023-05-21,7,0.25
232,Red (Taylor's Version),28,2023-05-26,6,0.21428571428571427
233,Red (Taylor's Version),28,2023-05-27,7,0.25
234,Red (Taylor's Version),28,2023-05-28,6,0.21428571428571427
235,Red (Taylor's Version),28,2023-06-02,5,0.17857142857142858
236,Red (Taylor's Version),28,2023-06-03,5,0.17857142857142858
237,Red (Taylor's Version),28,2023-06-04,6,0.21428571428571427
238,Red (Taylor's Version),28,2023-06-09,6,0.21428571428571427
239,Red (Taylor's Version),28,2023-06-10,5,0.17857142857142858
240,Red (Taylor's Version),28,2023-06-16,6,0.21428571428571427
241,Red (Taylor's Version),28,2023-06-17,5,0.17857142857142858
242,Red (Taylor's Version),28,2023-06-23,5,0.17857142857142858
243,Red (Taylor's Version),28,2023-06-24,5,0.17857142857142858
244,Red (Taylor's Version),28,2023-06-30,5,0.17857142857142858
245,Red (Taylor's Version),28,2023-07-01,5,0.17857142857142858
246,Red (Taylor's Version),28,2023-07-07,5,0.17857142857142858
247,Red (Taylor's Version),28,2023-07-08,5,0.17857142857142858
248,Red (Taylor's Version),28,2023-07-14,5,0.17857142857142858
249,Red (Taylor's Version),28,2023-07-15,7,0.25
250,Red (Taylor's Version),28,2023-07-22,6,0.21428571428571427
251,Red (Taylor's Version),28,2023-07-23,6,0.21428571428571427
252,Red (Taylor's Version),28,2023-07-28,5,0.17857142857142858
253,Red (Taylor's Version),28,2023-07-29,6,0.21428571428571427
254,Red (Taylor's Version),28,2023-08-03,5,0.17857142857142858
255,Red (Taylor's Version),28,2023-08-04,6,0.21428571428571427
256,Red (Taylor's Version),28,2023-08-05,6,0.21428571428571427
257,Red (Taylor's Version),28,2023-08-07,5,0.17857142857142858
258,Red (Taylor's Version),28,2023-08-08,5,0.17857142857142858
259,Red (Taylor's Version),28,2023-08-09,5,0.17857142857142858
260,Speak Now (Taylor's Version),22,2023-03-18,1,0.045454545454545456
261,Speak Now (Taylor's Version),22,2023-03-24,1,0.045454545454545456
262,Speak Now (Taylor's Version),22,2023-03-25,1,0.045454545454545456
263,Speak Now (Taylor's Version),22,2023-03-31,2,0.09090909090909091
264,Speak Now (Taylor's Version),22,2023-04-01,1,0.045454545454545456
265,Speak Now (Taylor's Version),22,2023-04-02,1,0.045454545454545456
266,Speak Now (Taylor's Version),22,2023-04-13,2,0.09090909090909091
267,Speak Now (Taylor's Version),22,2023-04-14,1,0.045454545454545456
268,Speak Now (Taylor's Version),22,2023-04-15,2,0.09090909090909091
269,Speak Now (Taylor's Version),22,2023-04-21,1,0.045454545454545456
270,Speak Now (Taylor's Version),22,2023-04-22,1,0.045454545454545456
271,Speak Now (Taylor's Version),22,2023-04-23,1,0.045454545454545456
272,Speak Now (Taylor's Version),22,2023-04-28,1,0.045454545454545456
273,Speak Now (Taylor's Version),22,2023-04-29,1,0.045454545454545456
274,Speak Now (Taylor's Version),22,2023-04-30,1,0.045454545454545456
275,Speak Now (Taylor's Version),22,2023-05-05,2,0.09090909090909091
276,Speak Now (Taylor's Version),22,2023-05-06,1,0.045454545454545456
277,Speak Now (Taylor's Version),22,2023-05-07,2,0.09090909090909091
278,Speak Now (Taylor's Version),22,2023-05-12,1,0.045454545454545456
279,Speak Now (Taylor's Version),22,2023-05-13,1,0.045454545454545456
280,Speak Now (Taylor's Version),22,2023-05-14,1,0.045454545454545456
281,Speak Now (Taylor's Version),22,2023-05-19,1,0.045454545454545456
282,Speak Now (Taylor's Version),22,2023-05-20,1,0.045454545454545456
283,Speak Now (Taylor's Version),22,2023-05-21,1,0.045454545454545456
284,Speak Now (Taylor's Version),22,2023-05-26,1,0.045454545454545456
285,Speak Now (Taylor's Version),22,2023-05-27,1,0.045454545454545456
286,Speak Now (Taylor's Version),22,2023-05-28,1,0.045454545454545456
287,Speak Now (Taylor's Version),22,2023-06-02,1,0.045454545454545456
288,Speak Now (Taylor's Version),22,2023-06-03,1,0.045454545454545456
289,Speak Now (Taylor's Version),22,2023-06-04,1,0.045454545454545456
290,Speak Now (Taylor's Version),22,2023-06-09,2,0.09090909090909091
291,Speak Now (Taylor's Version),22,2023-06-10,1,0.045454545454545456
292,Speak Now (Taylor's Version),22,2023-06-16,1,0.045454545454545456
293,Speak Now (Taylor's Version),22,2023-06-17,2,0.09090909090909091
294,Speak Now (Taylor's Version),22,2023-06-23,1,0.045454545454545456
295,Speak Now (Taylor's Version),22,2023-06-24,2,0.09090909090909091
296,Speak Now (Taylor's Version),22,2023-06-30,1,0.045454545454545456
297,Speak Now (Taylor's Version),22,2023-07-01,1,0.045454545454545456
298,Speak Now (Taylor's Version),22,2023-07-07,5,0.22727272727272727
299,Speak Now (Taylor's Version),22,2023-07-08,3,0.13636363636363635
300,Speak Now (Taylor's Version),22,2023-07-14,3,0.13636363636363635
301,Speak Now (Taylor's Version),22,2023-07-15,3,0.13636363636363635
302,Speak Now (Taylor's Version),22,2023-07-22,2,0.09090909090909091
303,Speak Now (Taylor's Version),22,2023-07-23,2,0.09090909090909091
304,Speak Now (Taylor's Version),22,2023-07-28,3,0.13636363636363635
305,Speak Now (Taylor's Version),22,2023-07-29,2,0.09090909090909091
306,Speak Now (Taylor's Version),22,2023-08-03,3,0.13636363636363635
307,Speak Now (Taylor's Version),22,2023-08-04,2,0.09090909090909091
308,Speak Now (Taylor's Version),22,2023-08-05,2,0.09090909090909091
309,Speak Now (Taylor's Version),22,2023-08-07,2,0.09090909090909091
310,Speak Now (Taylor's Version),22,2023-08-08,2,0.09090909090909091
311,Speak Now (Taylor's Version),22,2023-08-09,2,0.09090909090909091
312,Taylor Swift,14,2023-03-24,1,0.07142857142857142
313,Taylor Swift,14,2023-04-22,1,0.07142857142857142
314,Taylor Swift,14,2023-04-23,1,0.07142857142857142
315,Taylor Swift,14,2023-05-05,1,0.07142857142857142
316,Taylor Swift,14,2023-05-19,1,0.07142857142857142
317,Taylor Swift,14,2023-05-20,1,0.07142857142857142
318,Taylor Swift,14,2023-06-30,1,0.07142857142857142
319,Taylor Swift,14,2023-07-14,1,0.07142857142857142
320,Taylor Swift,14,2023-07-23,1,0.07142857142857142
321,Taylor Swift,14,2023-08-04,1,0.07142857142857142
322,evermore (deluxe version),17,2023-03-18,5,0.29411764705882354
323,evermore (deluxe version),17,2023-03-24,5,0.29411764705882354
324,evermore (deluxe version),17,2023-03-25,6,0.35294117647058826
325,evermore (deluxe version),17,2023-03-31,5,0.29411764705882354
326,evermore (deluxe version),17,2023-04-01,5,0.29411764705882354
327,evermore (deluxe version),17,2023-04-02,5,0.29411764705882354
328,evermore (deluxe version),17,2023-04-13,5,0.29411764705882354
329,evermore (deluxe version),17,2023-04-14,5,0.29411764705882354
330,evermore (deluxe version),17,2023-04-15,5,0.29411764705882354
331,evermore (deluxe version),17,2023-04-21,5,0.29411764705882354
332,evermore (deluxe version),17,2023-04-22,5,0.29411764705882354
333,evermore (deluxe version),17,2023-04-23,5,0.29411764705882354
334,evermore (deluxe version),17,2023-04-28,6,0.35294117647058826
335,evermore (deluxe version),17,2023-04-29,5,0.29411764705882354
336,evermore (deluxe version),17,2023-04-30,5,0.29411764705882354
337,evermore (deluxe version),17,2023-05-05,5,0.29411764705882354
338,evermore (deluxe version),17,2023-05-06,5,0.29411764705882354
339,evermore (deluxe version),17,2023-05-07,5,0.29411764705882354
340,evermore (deluxe version),17,2023-05-12,6,0.35294117647058826
341,evermore (deluxe version),17,2023-05-13,5,0.29411764705882354
342,evermore (deluxe version),17,2023-05-14,5,0.29411764705882354
343,evermore (deluxe version),17,2023-05-19,5,0.29411764705882354
344,evermore (deluxe version),17,2023-05-20,5,0.29411764705882354
345,evermore (deluxe version),17,2023-05-21,5,0.29411764705882354
346,evermore (deluxe version),17,2023-05-26,5,0.29411764705882354
347,evermore (deluxe version),17,2023-05-27,5,0.29411764705882354
348,evermore (deluxe version),17,2023-05-28,5,0.29411764705882354
349,evermore (deluxe version),17,2023-06-02,5,0.29411764705882354
350,evermore (deluxe version),17,2023-06-03,5,0.29411764705882354
351,evermore (deluxe version),17,2023-06-04,5,0.29411764705882354
352,evermore (deluxe version),17,2023-06-09,5,0.29411764705882354
353,evermore (deluxe version),17,2023-06-10,5,0.29411764705882354
354,evermore (deluxe version),17,2023-06-16,5,0.29411764705882354
355,evermore (deluxe version),17,2023-06-17,5,0.29411764705882354
356,evermore (deluxe version),17,2023-06-23,5,0.29411764705882354
357,evermore (deluxe version),17,2023-06-24,5,0.29411764705882354
358,evermore (deluxe version),17,2023-06-30,6,0.35294117647058826
359,evermore (deluxe version),17,2023-07-01,6,0.35294117647058826
360,evermore (deluxe version),17,2023-07-07,5,0.29411764705882354
361,evermore (deluxe version),17,2023-07-08,6,0.35294117647058826
362,evermore (deluxe version),17,2023-07-14,5,0.29411764705882354
363,evermore (deluxe version),17,2023-07-15,5,0.29411764705882354
364,evermore (deluxe version),17,2023-07-22,5,0.29411764705882354
365,evermore (deluxe version),17,2023-07-23,5,0.29411764705882354
366,evermore (deluxe version),17,2023-07-28,5,0.29411764705882354
367,evermore (deluxe version),17,2023-07-29,5,0.29411764705882354
368,evermore (deluxe version),17,2023-08-03,5,0.29411764705882354
369,evermore (deluxe version),17,2023-08-04,5,0.29411764705882354
370,evermore (deluxe version),17,2023-08-05,5,0.29411764705882354
371,evermore (deluxe version),17,2023-08-07,5,0.29411764705882354
372,evermore (deluxe version),17,2023-08-08,5,0.29411764705882354
373,evermore (deluxe version),17,2023-08-09,5,0.29411764705882354
374,folklore (deluxe version),17,2023-03-18,9,0.5294117647058824
375,folklore (deluxe version),17,2023-03-24,8,0.47058823529411764
376,folklore (deluxe version),17,2023-03-25,8,0.47058823529411764
377,folklore (deluxe version),17,2023-03-31,8,0.47058823529411764
378,folklore (deluxe version),17,2023-04-01,8,0.47058823529411764
379,folklore (deluxe version),17,2023-04-02,8,0.47058823529411764
380,folklore (deluxe version),17,2023-04-13,8,0.47058823529411764
381,folklore (deluxe version),17,2023-04-14,8,0.47058823529411764
382,folklore (deluxe version),17,2023-04-15,9,0.5294117647058824
383,folklore (deluxe version),17,2023-04-21,8,0.47058823529411764
384,folklore (deluxe version),17,2023-04-22,8,0.47058823529411764
385,folklore (deluxe version),17,2023-04-23,8,0.47058823529411764
386,folklore (deluxe version),17,2023-04-28,8,0.47058823529411764
387,folklore (deluxe version),17,2023-04-29,8,0.47058823529411764
388,folklore (deluxe version),17,2023-04-30,8,0.47058823529411764
389,folklore (deluxe version),17,2023-05-05,8,0.47058823529411764
390,folklore (deluxe version),17,2023-05-06,8,0.47058823529411764
391,folklore (deluxe version),17,2023-05-07,8,0.47058823529411764
392,folklore (deluxe version),17,2023-05-12,8,0.47058823529411764
393,folklore (deluxe version),17,2023-05-13,8,0.47058823529411764
394,folklore (deluxe version),17,2023-05-14,8,0.47058823529411764
395,folklore (deluxe version),17,2023-05-19,8,0.47058823529411764
396,folklore (deluxe version),17,2023-05-20,8,0.47058823529411764
397,folklore (deluxe version),17,2023-05-21,8,0.47058823529411764
398,folklore (deluxe version),17,2023-05-26,8,0.47058823529411764
399,folklore (deluxe version),17,2023-05-27,8,0.47058823529411764
400,folklore (deluxe version),17,2023-05-28,8,0.47058823529411764
401,folklore (deluxe version),17,2023-06-02,9,0.5294117647058824
402,folklore (deluxe version),17,2023-06-03,8,0.47058823529411764
403,folklore (deluxe version),17,2023-06-04,8,0.47058823529411764
404,folklore (deluxe version),17,2023-06-09,8,0.47058823529411764
405,folklore (deluxe version),17,2023-06-10,8,0.47058823529411764
406,folklore (deluxe version),17,2023-06-16,8,0.47058823529411764
407,folklore (deluxe version),17,2023-06-17,9,0.5294117647058824
408,folklore (deluxe version),17,2023-06-23,8,0.47058823529411764
409,folklore (deluxe version),17,2023-06-24,8,0.47058823529411764
410,folklore (deluxe version),17,2023-06-30,8,0.47058823529411764
411,folklore (deluxe version),17,2023-07-01,8,0.47058823529411764
412,folklore (deluxe version),17,2023-07-07,8,0.47058823529411764
413,folklore (deluxe version),17,2023-07-08,8,0.47058823529411764
414,folklore (deluxe version),17,2023-07-14,8,0.47058823529411764
415,folklore (deluxe version),17,2023-07-15,8,0.47058823529411764
416,folklore (deluxe version),17,2023-07-22,8,0.47058823529411764
417,folklore (deluxe version),17,2023-07-23,8,0.47058823529411764
418,folklore (deluxe version),17,2023-07-28,8,0.47058823529411764
419,folklore (deluxe version),17,2023-07-29,8,0.47058823529411764
420,folklore (deluxe version),17,2023-08-03,8,0.47058823529411764
421,folklore (deluxe version),17,2023-08-04,8,0.47058823529411764
422,folklore (deluxe version),17,2023-08-05,8,0.47058823529411764
423,folklore (deluxe version),17,2023-08-07,9,0.5294117647058824
424,folklore (deluxe version),17,2023-08-08,8,0.47058823529411764
425,folklore (deluxe version),17,2023-08-09,8,0.47058823529411764
426,reputation,15,2023-03-18,4,0.26666666666666666
427,reputation,15,2023-03-24,4,0.26666666666666666
428,reputation,15,2023-03-25,4,0.26666666666666666
429,reputation,15,2023-03-31,4,0.26666666666666666
430,reputation,15,2023-04-01,4,0.26666666666666666
431,reputation,15,2023-04-02,4,0.26666666666666666
432,reputation,15,2023-04-13,4,0.26666666666666666
433,reputation,15,2023-04-14,4,0.26666666666666666
434,reputation,15,2023-04-15,4,0.26666666666666666
435,reputation,15,2023-04-21,4,0.26666666666666666
436,reputation,15,2023-04-22,4,0.26666666666666666
437,reputation,15,2023-04-23,4,0.26666666666666666
438,reputation,15,2023-04-28,4,0.26666666666666666
439,reputation,15,2023-04-29,5,0.3333333333333333
440,reputation,15,2023-04-30,4,0.26666666666666666
441,reputation,15,2023-05-05,4,0.26666666666666666
442,reputation,15,2023-05-06,4,0.26666666666666666
443,reputation,15,2023-05-07,4,0.26666666666666666
444,reputation,15,2023-05-12,4,0.26666666666666666
445,reputation,15,2023-05-13,4,0.26666666666666666
446,reputation,15,2023-05-14,4,0.26666666666666666
447,reputation,15,2023-05-19,4,0.26666666666666666
448,reputation,15,2023-05-20,4,0.26666666666666666
449,reputation,15,2023-05-21,4,0.26666666666666666
450,reputation,15,2023-05-26,5,0.3333333333333333
451,reputation,15,2023-05-27,4,0.26666666666666666
452,reputation,15,2023-05-28,4,0.26666666666666666
453,reputation,15,2023-06-02,4,0.26666666666666666
454,reputation,15,2023-06-03,4,0.26666666666666666
455,reputation,15,2023-06-04,4,0.26666666666666666
456,reputation,15,2023-06-09,4,0.26666666666666666
457,reputation,15,2023-06-10,4,0.26666666666666666
458,reputation,15,2023-06-16,4,0.26666666666666666
459,reputation,15,2023-06-17,4,0.26666666666666666
460,reputation,15,2023-06-23,4,0.26666666666666666
461,reputation,15,2023-06-24,4,0.26666666666666666
462,reputation,15,2023-06-30,4,0.26666666666666666
463,reputation,15,2023-07-01,5,0.3333333333333333
464,reputation,15,2023-07-07,4,0.26666666666666666
465,reputation,15,2023-07-08,4,0.26666666666666666
466,reputation,15,2023-07-14,4,0.26666666666666666
467,reputation,15,2023-07-15,4,0.26666666666666666
468,reputation,15,2023-07-22,5,0.3333333333333333
469,reputation,15,2023-07-23,4,0.26666666666666666
470,reputation,15,2023-07-28,4,0.26666666666666666
471,reputation,15,2023-07-29,4,0.26666666666666666
472,reputation,15,2023-08-03,4,0.26666666666666666
473,reputation,15,2023-08-04,4,0.26666666666666666
474,reputation,15,2023-08-05,4,0.26666666666666666
475,reputation,15,2023-08-07,5,0.3333333333333333
476,reputation,15,2023-08-08,5,0.3333333333333333
477,reputation,15,2023-08-09,5,0.3333333333333333
